{
	"pattrstorage" : 	{
		"name" : "sauv",
		"slots" : 		{
			"1" : 			{
				"id" : 1,
				"data" : 				{
					"function" : [ 1000.0, 0.0, 1.0, 0.0, 0.0, 0, 10.038338, 0.417722, 0, 73.518364, 1.0, 0, 178.544601, 0.521472, 0, 309.827393, 1.0, 0, 467.36676, 1.0, 0, 477.869385, 0.620253, 0, 619.654785, 1.0, 0, 732.791504, 1.0, 0, 887.471741, 1.0, 0, 976.744019, 0.719146, 0, "linear" ]
				}

			}

		}

	}

}
