{
	"pattrstorage" : 	{
		"name" : "sauv",
		"slots" : 		{
			"1" : 			{
				"id" : 1,
				"data" : 				{
					"function" : [ 1000.0, 0.0, 1.0, 0.0, 0.0, 0, 196.347916, 0.0, 0, 280.685272, 0.911392, 0, 731.362976, 0.898734, 0, 823.606934, 0.0, 0, 1000.0, 0.0, 0, "linear" ]
				}

			}

		}

	}

}
