{
	"pattrstorage" : 	{
		"name" : "sauv",
		"slots" : 		{
			"1" : 			{
				"id" : 1,
				"data" : 				{
					"function" : [ 1000.0, 0.0, 1.0, 0.0, 0.0, 0, 10.038338, 0.417722, 0, 73.518364000000005, 0.0, 0, 73.518364000000005, 1.0, 0, 178.544601, 0.521472, 0, 467.366759999999999, 0.0, 0, 467.366759999999999, 1.0, 0, 554.781640347085158, 1.0, 0, 619.654784999999947, 1.0, 0, 732.791504000000032, 1.0, 0, 887.471740999999952, 1.0, 0, 976.74401899999998, 0.719146, 0, "linear" ]
				}

			}

		}

	}

}
